model,rmse,r2,train_time_s
xgboost,1.0642884454630919,0.414948653667785,26.804203987121582
random_forest,1.0764361697729563,0.40151695257124353,29.582193851470947
ridge,1.110447617333819,0.36309971707342314,0.5599873065948486
baseline_dummy,1.3914359704188501,-4.0091034818612314e-06,0.2624955177307129
